count,lat,lon,metadata,start_timestamp
53,43.65114655,-79.40510438,Alexandra Park,Jan-21
12,43.66093307,-79.3735941,Allan Gardens,Jan-21
0,43.65371478,-79.40192832,Bellevue Square Park,Jan-21
4,43.71337581,-79.46549418,Caledonia Park,Jan-21
24,43.63692099,-79.3443083,Cherry Beach Clarke Beach Park,Jan-21
6,43.64418139,-79.39371522,Clarence Square Park,Jan-21
2,43.65699352,-79.4336308,Dufferin Grove Park,Jan-21
2,43.78030615,-79.46585598,G. Ross Lord Park,Jan-21
2,43.63806493,-79.40717673,Garrison Common,Jan-21
2,43.65261301,-79.39221132,Grange Park,Jan-21
3,43.65135346,-79.49062927,Kings Mill Park,Jan-21
4,43.63395209,-79.43869438,Lakeshore Boulevard Parklands,Jan-21
32,43.63977468,-79.42245532,Lamport Stadium Park,Jan-21
7,43.69741478,-79.35386848,Lower Don Parklands,Jan-21
0,43.78090037,-79.19730417,Morningside Park,Jan-21
26,43.65558614,-79.37043073,Moss Park,Jan-21
7,43.68179447,-79.4101068,Nordheimer Ravine,Jan-21
7,43.65465987,-79.3627258,Orphan's Green,Jan-21
8,43.64235304,-79.42916125,Parkdale Ampitheatre,Jan-21
0,43.6497993,-79.40084238,Randy Padmore Park,Jan-21
14,43.67272549,-79.37625428,Rosedale Ravine Lands,Jan-21
0,43.65602246,-79.40202754,Sonya's Park,Jan-21
0,43.6512055,-79.32159,Tommy Thompson Park,Jan-21
52,43.64592207,-79.41417386,Trinity Bellwoods Park,Jan-21
13,43.65472242,-79.38160967,Trinity Square,Jan-21
58,43.65114655,-79.40510438,Alexandra Park,Feb-21
12,43.66093307,-79.3735941,Allan Gardens,Feb-21
0,43.65371478,-79.40192832,Bellevue Square Park,Feb-21
3,43.71337581,-79.46549418,Caledonia Park,Feb-21
21,43.63692099,-79.3443083,Cherry Beach Clarke Beach Park,Feb-21
4,43.64418139,-79.39371522,Clarence Square Park,Feb-21
0,43.65699352,-79.4336308,Dufferin Grove Park,Feb-21
2,43.78030615,-79.46585598,G. Ross Lord Park,Feb-21
1,43.63806493,-79.40717673,Garrison Common,Feb-21
1,43.65261301,-79.39221132,Grange Park,Feb-21
3,43.65135346,-79.49062927,Kings Mill Park,Feb-21
7,43.63395209,-79.43869438,Lakeshore Boulevard Parklands,Feb-21
32,43.63977468,-79.42245532,Lamport Stadium Park,Feb-21
7,43.69741478,-79.35386848,Lower Don Parklands,Feb-21
3,43.78090037,-79.19730417,Morningside Park,Feb-21
22,43.65558614,-79.37043073,Moss Park,Feb-21
7,43.68179447,-79.4101068,Nordheimer Ravine,Feb-21
7,43.65465987,-79.3627258,Orphan's Green,Feb-21
6,43.64235304,-79.42916125,Parkdale Ampitheatre,Feb-21
0,43.6497993,-79.40084238,Randy Padmore Park,Feb-21
15,43.67272549,-79.37625428,Rosedale Ravine Lands,Feb-21
0,43.65602246,-79.40202754,Sonya's Park,Feb-21
0,43.6512055,-79.32159,Tommy Thompson Park,Feb-21
53,43.64592207,-79.41417386,Trinity Bellwoods Park,Feb-21
2,43.65472242,-79.38160967,Trinity Square,Feb-21
57,43.65114655,-79.40510438,Alexandra Park,Mar-21
12,43.66093307,-79.3735941,Allan Gardens,Mar-21
0,43.65371478,-79.40192832,Bellevue Square Park,Mar-21
2,43.71337581,-79.46549418,Caledonia Park,Mar-21
23,43.63692099,-79.3443083,Cherry Beach Clarke Beach Park,Mar-21
4,43.64418139,-79.39371522,Clarence Square Park,Mar-21
0,43.65699352,-79.4336308,Dufferin Grove Park,Mar-21
2,43.78030615,-79.46585598,G. Ross Lord Park,Mar-21
1,43.63806493,-79.40717673,Garrison Common,Mar-21
3,43.65261301,-79.39221132,Grange Park,Mar-21
2,43.65135346,-79.49062927,Kings Mill Park,Mar-21
7,43.63395209,-79.43869438,Lakeshore Boulevard Parklands,Mar-21
33,43.63977468,-79.42245532,Lamport Stadium Park,Mar-21
7,43.69741478,-79.35386848,Lower Don Parklands,Mar-21
3,43.78090037,-79.19730417,Morningside Park,Mar-21
17,43.65558614,-79.37043073,Moss Park,Mar-21
7,43.68179447,-79.4101068,Nordheimer Ravine,Mar-21
2,43.65465987,-79.3627258,Orphan's Green,Mar-21
6,43.64235304,-79.42916125,Parkdale Ampitheatre,Mar-21
0,43.6497993,-79.40084238,Randy Padmore Park,Mar-21
18,43.67272549,-79.37625428,Rosedale Ravine Lands,Mar-21
1,43.65602246,-79.40202754,Sonya's Park,Mar-21
1,43.6512055,-79.32159,Tommy Thompson Park,Mar-21
46,43.64592207,-79.41417386,Trinity Bellwoods Park,Mar-21
2,43.65472242,-79.38160967,Trinity Square,Mar-21
71,43.65114655,-79.40510438,Alexandra Park,Apr-21
13,43.66093307,-79.3735941,Allan Gardens,Apr-21
0,43.65371478,-79.40192832,Bellevue Square Park,Apr-21
1,43.71337581,-79.46549418,Caledonia Park,Apr-21
23,43.63692099,-79.3443083,Cherry Beach Clarke Beach Park,Apr-21
2,43.64418139,-79.39371522,Clarence Square Park,Apr-21
3,43.65699352,-79.4336308,Dufferin Grove Park,Apr-21
2,43.78030615,-79.46585598,G. Ross Lord Park,Apr-21
1,43.63806493,-79.40717673,Garrison Common,Apr-21
6,43.65261301,-79.39221132,Grange Park,Apr-21
2,43.65135346,-79.49062927,Kings Mill Park,Apr-21
7,43.63395209,-79.43869438,Lakeshore Boulevard Parklands,Apr-21
34,43.63977468,-79.42245532,Lamport Stadium Park,Apr-21
7,43.69741478,-79.35386848,Lower Don Parklands,Apr-21
3,43.78090037,-79.19730417,Morningside Park,Apr-21
29,43.65558614,-79.37043073,Moss Park,Apr-21
6,43.68179447,-79.4101068,Nordheimer Ravine,Apr-21
0,43.65465987,-79.3627258,Orphan's Green,Apr-21
5,43.64235304,-79.42916125,Parkdale Ampitheatre,Apr-21
0,43.6497993,-79.40084238,Randy Padmore Park,Apr-21
18,43.67272549,-79.37625428,Rosedale Ravine Lands,Apr-21
1,43.65602246,-79.40202754,Sonya's Park,Apr-21
1,43.6512055,-79.32159,Tommy Thompson Park,Apr-21
53,43.64592207,-79.41417386,Trinity Bellwoods Park,Apr-21
3,43.65472242,-79.38160967,Trinity Square,Apr-21
100,43.65114655,-79.40510438,Alexandra Park,May-21
12,43.66093307,-79.3735941,Allan Gardens,May-21
0,43.65371478,-79.40192832,Bellevue Square Park,May-21
1,43.71337581,-79.46549418,Caledonia Park,May-21
24,43.63692099,-79.3443083,Cherry Beach Clarke Beach Park,May-21
3,43.64418139,-79.39371522,Clarence Square Park,May-21
5,43.65699352,-79.4336308,Dufferin Grove Park,May-21
2,43.78030615,-79.46585598,G. Ross Lord Park,May-21
4,43.63806493,-79.40717673,Garrison Common,May-21
7,43.65261301,-79.39221132,Grange Park,May-21
2,43.65135346,-79.49062927,Kings Mill Park,May-21
6,43.63395209,-79.43869438,Lakeshore Boulevard Parklands,May-21
24,43.63977468,-79.42245532,Lamport Stadium Park,May-21
8,43.69741478,-79.35386848,Lower Don Parklands,May-21
2,43.78090037,-79.19730417,Morningside Park,May-21
31,43.65558614,-79.37043073,Moss Park,May-21
6,43.68179447,-79.4101068,Nordheimer Ravine,May-21
0,43.65465987,-79.3627258,Orphan's Green,May-21
2,43.64235304,-79.42916125,Parkdale Ampitheatre,May-21
0,43.6497993,-79.40084238,Randy Padmore Park,May-21
14,43.67272549,-79.37625428,Rosedale Ravine Lands,May-21
2,43.65602246,-79.40202754,Sonya's Park,May-21
1,43.6512055,-79.32159,Tommy Thompson Park,May-21
64,43.64592207,-79.41417386,Trinity Bellwoods Park,May-21
7,43.65472242,-79.38160967,Trinity Square,May-21
86,43.65114655,-79.40510438,Alexandra Park,Jun-21
12,43.66093307,-79.3735941,Allan Gardens,Jun-21
0,43.65371478,-79.40192832,Bellevue Square Park,Jun-21
1,43.71337581,-79.46549418,Caledonia Park,Jun-21
19,43.63692099,-79.3443083,Cherry Beach Clarke Beach Park,Jun-21
3,43.64418139,-79.39371522,Clarence Square Park,Jun-21
9,43.65699352,-79.4336308,Dufferin Grove Park,Jun-21
2,43.78030615,-79.46585598,G. Ross Lord Park,Jun-21
3,43.63806493,-79.40717673,Garrison Common,Jun-21
8,43.65261301,-79.39221132,Grange Park,Jun-21
2,43.65135346,-79.49062927,Kings Mill Park,Jun-21
6,43.63395209,-79.43869438,Lakeshore Boulevard Parklands,Jun-21
20,43.63977468,-79.42245532,Lamport Stadium Park,Jun-21
10,43.69741478,-79.35386848,Lower Don Parklands,Jun-21
2,43.78090037,-79.19730417,Morningside Park,Jun-21
32,43.65558614,-79.37043073,Moss Park,Jun-21
6,43.68179447,-79.4101068,Nordheimer Ravine,Jun-21
2,43.65465987,-79.3627258,Orphan's Green,Jun-21
2,43.64235304,-79.42916125,Parkdale Ampitheatre,Jun-21
2,43.6497993,-79.40084238,Randy Padmore Park,Jun-21
9,43.67272549,-79.37625428,Rosedale Ravine Lands,Jun-21
2,43.65602246,-79.40202754,Sonya's Park,Jun-21
1,43.6512055,-79.32159,Tommy Thompson Park,Jun-21
48,43.64592207,-79.41417386,Trinity Bellwoods Park,Jun-21
6,43.65472242,-79.38160967,Trinity Square,Jun-21
38,43.65114655,-79.40510438,Alexandra Park,Jul-21
16,43.66093307,-79.3735941,Allan Gardens,Jul-21
0,43.65371478,-79.40192832,Bellevue Square Park,Jul-21
1,43.71337581,-79.46549418,Caledonia Park,Jul-21
10,43.63692099,-79.3443083,Cherry Beach Clarke Beach Park,Jul-21
7,43.64418139,-79.39371522,Clarence Square Park,Jul-21
15,43.65699352,-79.4336308,Dufferin Grove Park,Jul-21
2,43.78030615,-79.46585598,G. Ross Lord Park,Jul-21
3,43.63806493,-79.40717673,Garrison Common,Jul-21
5,43.65261301,-79.39221132,Grange Park,Jul-21
1,43.65135346,-79.49062927,Kings Mill Park,Jul-21
6,43.63395209,-79.43869438,Lakeshore Boulevard Parklands,Jul-21
17,43.63977468,-79.42245532,Lamport Stadium Park,Jul-21
10,43.69741478,-79.35386848,Lower Don Parklands,Jul-21
2,43.78090037,-79.19730417,Morningside Park,Jul-21
30,43.65558614,-79.37043073,Moss Park,Jul-21
6,43.68179447,-79.4101068,Nordheimer Ravine,Jul-21
4,43.65465987,-79.3627258,Orphan's Green,Jul-21
2,43.64235304,-79.42916125,Parkdale Ampitheatre,Jul-21
3,43.6497993,-79.40084238,Randy Padmore Park,Jul-21
9,43.67272549,-79.37625428,Rosedale Ravine Lands,Jul-21
1,43.65602246,-79.40202754,Sonya's Park,Jul-21
1,43.6512055,-79.32159,Tommy Thompson Park,Jul-21
0,43.64592207,-79.41417386,Trinity Bellwoods Park,Jul-21
6,43.65472242,-79.38160967,Trinity Square,Jul-21
0,43.65114655,-79.40510438,Alexandra Park,Aug-21
11,43.66093307,-79.3735941,Allan Gardens,Aug-21
3,43.65371478,-79.40192832,Bellevue Square Park,Aug-21
5,43.71337581,-79.46549418,Caledonia Park,Aug-21
9,43.63692099,-79.3443083,Cherry Beach Clarke Beach Park,Aug-21
4,43.64418139,-79.39371522,Clarence Square Park,Aug-21
22,43.65699352,-79.4336308,Dufferin Grove Park,Aug-21
2,43.78030615,-79.46585598,G. Ross Lord Park,Aug-21
10,43.63806493,-79.40717673,Garrison Common,Aug-21
7,43.65261301,-79.39221132,Grange Park,Aug-21
2,43.65135346,-79.49062927,Kings Mill Park,Aug-21
6,43.63395209,-79.43869438,Lakeshore Boulevard Parklands,Aug-21
0,43.63977468,-79.42245532,Lamport Stadium Park,Aug-21
10,43.69741478,-79.35386848,Lower Don Parklands,Aug-21
2,43.78090037,-79.19730417,Morningside Park,Aug-21
25,43.65558614,-79.37043073,Moss Park,Aug-21
6,43.68179447,-79.4101068,Nordheimer Ravine,Aug-21
4,43.65465987,-79.3627258,Orphan's Green,Aug-21
3,43.64235304,-79.42916125,Parkdale Ampitheatre,Aug-21
18,43.6497993,-79.40084238,Randy Padmore Park,Aug-21
8,43.67272549,-79.37625428,Rosedale Ravine Lands,Aug-21
3,43.65602246,-79.40202754,Sonya's Park,Aug-21
0,43.6512055,-79.32159,Tommy Thompson Park,Aug-21
0,43.64592207,-79.41417386,Trinity Bellwoods Park,Aug-21
2,43.65472242,-79.38160967,Trinity Square,Aug-21
0,43.65114655,-79.40510438,Alexandra Park,Sep-21
8,43.66093307,-79.3735941,Allan Gardens,Sep-21
9,43.65371478,-79.40192832,Bellevue Square Park,Sep-21
4,43.71337581,-79.46549418,Caledonia Park,Sep-21
9,43.63692099,-79.3443083,Cherry Beach Clarke Beach Park,Sep-21
2,43.64418139,-79.39371522,Clarence Square Park,Sep-21
30,43.65699352,-79.4336308,Dufferin Grove Park,Sep-21
2,43.78030615,-79.46585598,G. Ross Lord Park,Sep-21
4,43.63806493,-79.40717673,Garrison Common,Sep-21
8,43.65261301,-79.39221132,Grange Park,Sep-21
2,43.65135346,-79.49062927,Kings Mill Park,Sep-21
1,43.63395209,-79.43869438,Lakeshore Boulevard Parklands,Sep-21
0,43.63977468,-79.42245532,Lamport Stadium Park,Sep-21
10,43.69741478,-79.35386848,Lower Don Parklands,Sep-21
2,43.78090037,-79.19730417,Morningside Park,Sep-21
14,43.65558614,-79.37043073,Moss Park,Sep-21
6,43.68179447,-79.4101068,Nordheimer Ravine,Sep-21
3,43.65465987,-79.3627258,Orphan's Green,Sep-21
2,43.64235304,-79.42916125,Parkdale Ampitheatre,Sep-21
18,43.6497993,-79.40084238,Randy Padmore Park,Sep-21
8,43.67272549,-79.37625428,Rosedale Ravine Lands,Sep-21
5,43.65602246,-79.40202754,Sonya's Park,Sep-21
1,43.6512055,-79.32159,Tommy Thompson Park,Sep-21
0,43.64592207,-79.41417386,Trinity Bellwoods Park,Sep-21
0,43.65472242,-79.38160967,Trinity Square,Sep-21
0,43.65114655,-79.40510438,Alexandra Park,Oct-21
15,43.66093307,-79.3735941,Allan Gardens,Oct-21
12,43.65371478,-79.40192832,Bellevue Square Park,Oct-21
4,43.71337581,-79.46549418,Caledonia Park,Oct-21
8,43.63692099,-79.3443083,Cherry Beach Clarke Beach Park,Oct-21
2,43.64418139,-79.39371522,Clarence Square Park,Oct-21
24,43.65699352,-79.4336308,Dufferin Grove Park,Oct-21
1,43.78030615,-79.46585598,G. Ross Lord Park,Oct-21
3,43.63806493,-79.40717673,Garrison Common,Oct-21
7,43.65261301,-79.39221132,Grange Park,Oct-21
2,43.65135346,-79.49062927,Kings Mill Park,Oct-21
1,43.63395209,-79.43869438,Lakeshore Boulevard Parklands,Oct-21
0,43.63977468,-79.42245532,Lamport Stadium Park,Oct-21
10,43.69741478,-79.35386848,Lower Don Parklands,Oct-21
3,43.78090037,-79.19730417,Morningside Park,Oct-21
12,43.65558614,-79.37043073,Moss Park,Oct-21
4,43.68179447,-79.4101068,Nordheimer Ravine,Oct-21
2,43.65465987,-79.3627258,Orphan's Green,Oct-21
0,43.64235304,-79.42916125,Parkdale Ampitheatre,Oct-21
17,43.6497993,-79.40084238,Randy Padmore Park,Oct-21
15,43.67272549,-79.37625428,Rosedale Ravine Lands,Oct-21
7,43.65602246,-79.40202754,Sonya's Park,Oct-21
3,43.6512055,-79.32159,Tommy Thompson Park,Oct-21
0,43.64592207,-79.41417386,Trinity Bellwoods Park,Oct-21
1,43.65472242,-79.38160967,Trinity Square,Oct-21
0,43.65114655,-79.40510438,Alexandra Park,Nov-21
19,43.66093307,-79.3735941,Allan Gardens,Nov-21
6,43.65371478,-79.40192832,Bellevue Square Park,Nov-21
5,43.71337581,-79.46549418,Caledonia Park,Nov-21
5,43.63692099,-79.3443083,Cherry Beach Clarke Beach Park,Nov-21
2,43.64418139,-79.39371522,Clarence Square Park,Nov-21
11,43.65699352,-79.4336308,Dufferin Grove Park,Nov-21
1,43.78030615,-79.46585598,G. Ross Lord Park,Nov-21
3,43.63806493,-79.40717673,Garrison Common,Nov-21
6,43.65261301,-79.39221132,Grange Park,Nov-21
2,43.65135346,-79.49062927,Kings Mill Park,Nov-21
1,43.63395209,-79.43869438,Lakeshore Boulevard Parklands,Nov-21
0,43.63977468,-79.42245532,Lamport Stadium Park,Nov-21
10,43.69741478,-79.35386848,Lower Don Parklands,Nov-21
7,43.78090037,-79.19730417,Morningside Park,Nov-21
6,43.65558614,-79.37043073,Moss Park,Nov-21
3,43.68179447,-79.4101068,Nordheimer Ravine,Nov-21
2,43.65465987,-79.3627258,Orphan's Green,Nov-21
0,43.64235304,-79.42916125,Parkdale Ampitheatre,Nov-21
20,43.6497993,-79.40084238,Randy Padmore Park,Nov-21
14,43.67272549,-79.37625428,Rosedale Ravine Lands,Nov-21
8,43.65602246,-79.40202754,Sonya's Park,Nov-21
3,43.6512055,-79.32159,Tommy Thompson Park,Nov-21
0,43.64592207,-79.41417386,Trinity Bellwoods Park,Nov-21
0,43.65472242,-79.38160967,Trinity Square,Nov-21
0,43.65114655,-79.40510438,Alexandra Park,Dec-21
18,43.66093307,-79.3735941,Allan Gardens,Dec-21
3,43.65371478,-79.40192832,Bellevue Square Park,Dec-21
2,43.71337581,-79.46549418,Caledonia Park,Dec-21
4,43.63692099,-79.3443083,Cherry Beach Clarke Beach Park,Dec-21
3,43.64418139,-79.39371522,Clarence Square Park,Dec-21
3,43.65699352,-79.4336308,Dufferin Grove Park,Dec-21
1,43.78030615,-79.46585598,G. Ross Lord Park,Dec-21
1,43.63806493,-79.40717673,Garrison Common,Dec-21
8,43.65261301,-79.39221132,Grange Park,Dec-21
3,43.65135346,-79.49062927,Kings Mill Park,Dec-21
1,43.63395209,-79.43869438,Lakeshore Boulevard Parklands,Dec-21
0,43.63977468,-79.42245532,Lamport Stadium Park,Dec-21
10,43.69741478,-79.35386848,Lower Don Parklands,Dec-21
7,43.78090037,-79.19730417,Morningside Park,Dec-21
1,43.65558614,-79.37043073,Moss Park,Dec-21
1,43.68179447,-79.4101068,Nordheimer Ravine,Dec-21
2,43.65465987,-79.3627258,Orphan's Green,Dec-21
0,43.64235304,-79.42916125,Parkdale Ampitheatre,Dec-21
9,43.6497993,-79.40084238,Randy Padmore Park,Dec-21
9,43.67272549,-79.37625428,Rosedale Ravine Lands,Dec-21
6,43.65602246,-79.40202754,Sonya's Park,Dec-21
3,43.6512055,-79.32159,Tommy Thompson Park,Dec-21
0,43.64592207,-79.41417386,Trinity Bellwoods Park,Dec-21
2,43.65472242,-79.38160967,Trinity Square,Dec-21
11,43.66093307,-79.3735941,Allan Gardens,Jan-22
1,43.72881139,-79.32116014,Charles Sauriol Conservation Area,Jan-22
3,43.63692099,-79.3443083,Cherry Beach Clarke Beach Park,Jan-22
4,43.64418139,-79.39371522,Clarence Square Park,Jan-22
0,43.71931001,-79.51254444,Downsview Park and Lawn Bowling Greens,Jan-22
0,43.70457547,-79.34127867,E.T. Seton Park,Jan-22
1,43.63806493,-79.40717673,Garrison Common,Jan-22
8,43.65261301,-79.39221132,Grange Park,Jan-22
0,43.64651218,-79.46393972,High Park,Jan-22
3,43.65135346,-79.49062927,Kings Mill Park,Jan-22
1,43.63395209,-79.43869438,Lakeshore Boulevard Parklands,Jan-22
0,43.67434988,-79.47987059,Lavender Creek Trail,Jan-22
7,43.69741478,-79.35386848,Lower Don Parklands,Jan-22
0,43.6580416,-79.3314175,Martin Goodman Trail,Jan-22
7,43.78090037,-79.19730417,Morningside Park,Jan-22
1,43.68179447,-79.4101068,Nordheimer Ravine,Jan-22
1,43.67094057,-79.35433043,Riverdale Park East,Jan-22
9,43.67272549,-79.37625428,Rosedale Ravine Lands,Jan-22
1,43.69866061,-79.24908553,Scarborough Heights Park,Jan-22
1,43.67559997,-79.38645,Severn Creek Park,Jan-22
0,43.69711646,-79.29741235,Taylor Creek Park,Jan-22
3,43.65472242,-79.38160967,Trinity Square,Jan-22
0,43.6981562,-79.28484213,Warden Woods Park,Jan-22
0,43.71724435,-79.35015227,Wilket Creek Park,Jan-22
2,43.66467932,-79.3134879,Woodbine Park (New),Jan-22
4,43.66093307,-79.3735941,Allan Gardens,Feb-22
0,43.72881139,-79.32116014,Charles Sauriol Conservation Area,Feb-22
4,43.63692099,-79.3443083,Cherry Beach Clarke Beach Park,Feb-22
3,43.64418139,-79.39371522,Clarence Square Park,Feb-22
0,43.71931001,-79.51254444,Downsview Park and Lawn Bowling Greens,Feb-22
0,43.70457547,-79.34127867,E.T. Seton Park,Feb-22
1,43.63806493,-79.40717673,Garrison Common,Feb-22
7,43.65261301,-79.39221132,Grange Park,Feb-22
0,43.64651218,-79.46393972,High Park,Feb-22
3,43.65135346,-79.49062927,Kings Mill Park,Feb-22
1,43.63395209,-79.43869438,Lakeshore Boulevard Parklands,Feb-22
0,43.67434988,-79.47987059,Lavender Creek Trail,Feb-22
8,43.69741478,-79.35386848,Lower Don Parklands,Feb-22
0,43.6580416,-79.3314175,Martin Goodman Trail,Feb-22
7,43.78090037,-79.19730417,Morningside Park,Feb-22
1,43.68179447,-79.4101068,Nordheimer Ravine,Feb-22
2,43.67094057,-79.35433043,Riverdale Park East,Feb-22
9,43.67272549,-79.37625428,Rosedale Ravine Lands,Feb-22
1,43.69866061,-79.24908553,Scarborough Heights Park,Feb-22
2,43.67559997,-79.38645,Severn Creek Park,Feb-22
0,43.69711646,-79.29741235,Taylor Creek Park,Feb-22
3,43.65472242,-79.38160967,Trinity Square,Feb-22
0,43.6981562,-79.28484213,Warden Woods Park,Feb-22
0,43.71724435,-79.35015227,Wilket Creek Park,Feb-22
2,43.66467932,-79.3134879,Woodbine Park (New),Feb-22
5,43.66093307,-79.3735941,Allan Gardens,Mar-22
1,43.72881139,-79.32116014,Charles Sauriol Conservation Area,Mar-22
3,43.63692099,-79.3443083,Cherry Beach Clarke Beach Park,Mar-22
2,43.64418139,-79.39371522,Clarence Square Park,Mar-22
0,43.71931001,-79.51254444,Downsview Park and Lawn Bowling Greens,Mar-22
2,43.70457547,-79.34127867,E.T. Seton Park,Mar-22
1,43.63806493,-79.40717673,Garrison Common,Mar-22
9,43.65261301,-79.39221132,Grange Park,Mar-22
1,43.64651218,-79.46393972,High Park,Mar-22
3,43.65135346,-79.49062927,Kings Mill Park,Mar-22
1,43.63395209,-79.43869438,Lakeshore Boulevard Parklands,Mar-22
0,43.67434988,-79.47987059,Lavender Creek Trail,Mar-22
13,43.69741478,-79.35386848,Lower Don Parklands,Mar-22
1,43.6580416,-79.3314175,Martin Goodman Trail,Mar-22
7,43.78090037,-79.19730417,Morningside Park,Mar-22
3,43.68179447,-79.4101068,Nordheimer Ravine,Mar-22
2,43.67094057,-79.35433043,Riverdale Park East,Mar-22
6,43.67272549,-79.37625428,Rosedale Ravine Lands,Mar-22
1,43.69866061,-79.24908553,Scarborough Heights Park,Mar-22
2,43.67559997,-79.38645,Severn Creek Park,Mar-22
0,43.69711646,-79.29741235,Taylor Creek Park,Mar-22
5,43.65472242,-79.38160967,Trinity Square,Mar-22
0,43.6981562,-79.28484213,Warden Woods Park,Mar-22
0,43.71724435,-79.35015227,Wilket Creek Park,Mar-22
2,43.66467932,-79.3134879,Woodbine Park (New),Mar-22
5,43.66093307,-79.3735941,Allan Gardens,Apr-22
2,43.72881139,-79.32116014,Charles Sauriol Conservation Area,Apr-22
0,43.63692099,-79.3443083,Cherry Beach Clarke Beach Park,Apr-22
3,43.64418139,-79.39371522,Clarence Square Park,Apr-22
0,43.71931001,-79.51254444,Downsview Park and Lawn Bowling Greens,Apr-22
2,43.70457547,-79.34127867,E.T. Seton Park,Apr-22
1,43.63806493,-79.40717673,Garrison Common,Apr-22
6,43.65261301,-79.39221132,Grange Park,Apr-22
1,43.64651218,-79.46393972,High Park,Apr-22
3,43.65135346,-79.49062927,Kings Mill Park,Apr-22
1,43.63395209,-79.43869438,Lakeshore Boulevard Parklands,Apr-22
5,43.67434988,-79.47987059,Lavender Creek Trail,Apr-22
13,43.69741478,-79.35386848,Lower Don Parklands,Apr-22
2,43.6580416,-79.3314175,Martin Goodman Trail,Apr-22
7,43.78090037,-79.19730417,Morningside Park,Apr-22
4,43.68179447,-79.4101068,Nordheimer Ravine,Apr-22
1,43.67094057,-79.35433043,Riverdale Park East,Apr-22
6,43.67272549,-79.37625428,Rosedale Ravine Lands,Apr-22
1,43.69866061,-79.24908553,Scarborough Heights Park,Apr-22
1,43.67559997,-79.38645,Severn Creek Park,Apr-22
1,43.69711646,-79.29741235,Taylor Creek Park,Apr-22
3,43.65472242,-79.38160967,Trinity Square,Apr-22
1,43.6981562,-79.28484213,Warden Woods Park,Apr-22
1,43.71724435,-79.35015227,Wilket Creek Park,Apr-22
3,43.66467932,-79.3134879,Woodbine Park (New),Apr-22
3,43.66093307,-79.3735941,Allan Gardens,May-22
2,43.72881139,-79.32116014,Charles Sauriol Conservation Area,May-22
0,43.63692099,-79.3443083,Cherry Beach Clarke Beach Park,May-22
6,43.64418139,-79.39371522,Clarence Square Park,May-22
0,43.71931001,-79.51254444,Downsview Park and Lawn Bowling Greens,May-22
2,43.70457547,-79.34127867,E.T. Seton Park,May-22
1,43.63806493,-79.40717673,Garrison Common,May-22
4,43.65261301,-79.39221132,Grange Park,May-22
0,43.64651218,-79.46393972,High Park,May-22
3,43.65135346,-79.49062927,Kings Mill Park,May-22
1,43.63395209,-79.43869438,Lakeshore Boulevard Parklands,May-22
5,43.67434988,-79.47987059,Lavender Creek Trail,May-22
13,43.69741478,-79.35386848,Lower Don Parklands,May-22
2,43.6580416,-79.3314175,Martin Goodman Trail,May-22
4,43.78090037,-79.19730417,Morningside Park,May-22
3,43.68179447,-79.4101068,Nordheimer Ravine,May-22
3,43.67094057,-79.35433043,Riverdale Park East,May-22
4,43.67272549,-79.37625428,Rosedale Ravine Lands,May-22
1,43.69866061,-79.24908553,Scarborough Heights Park,May-22
1,43.67559997,-79.38645,Severn Creek Park,May-22
3,43.69711646,-79.29741235,Taylor Creek Park,May-22
1,43.65472242,-79.38160967,Trinity Square,May-22
1,43.6981562,-79.28484213,Warden Woods Park,May-22
1,43.71724435,-79.35015227,Wilket Creek Park,May-22
2,43.66467932,-79.3134879,Woodbine Park (New),May-22
6,43.66093307,-79.3735941,Allan Gardens,Jun-22
2,43.72881139,-79.32116014,Charles Sauriol Conservation Area,Jun-22
0,43.63692099,-79.3443083,Cherry Beach Clarke Beach Park,Jun-22
8,43.64418139,-79.39371522,Clarence Square Park,Jun-22
0,43.71931001,-79.51254444,Downsview Park and Lawn Bowling Greens,Jun-22
2,43.70457547,-79.34127867,E.T. Seton Park,Jun-22
1,43.63806493,-79.40717673,Garrison Common,Jun-22
0,43.65261301,-79.39221132,Grange Park,Jun-22
0,43.64651218,-79.46393972,High Park,Jun-22
3,43.65135346,-79.49062927,Kings Mill Park,Jun-22
1,43.63395209,-79.43869438,Lakeshore Boulevard Parklands,Jun-22
6,43.67434988,-79.47987059,Lavender Creek Trail,Jun-22
7,43.69741478,-79.35386848,Lower Don Parklands,Jun-22
2,43.6580416,-79.3314175,Martin Goodman Trail,Jun-22
3,43.78090037,-79.19730417,Morningside Park,Jun-22
2,43.68179447,-79.4101068,Nordheimer Ravine,Jun-22
2,43.67094057,-79.35433043,Riverdale Park East,Jun-22
7,43.67272549,-79.37625428,Rosedale Ravine Lands,Jun-22
1,43.69866061,-79.24908553,Scarborough Heights Park,Jun-22
0,43.67559997,-79.38645,Severn Creek Park,Jun-22
3,43.69711646,-79.29741235,Taylor Creek Park,Jun-22
1,43.65472242,-79.38160967,Trinity Square,Jun-22
1,43.6981562,-79.28484213,Warden Woods Park,Jun-22
1,43.71724435,-79.35015227,Wilket Creek Park,Jun-22
0,43.66467932,-79.3134879,Woodbine Park (New),Jun-22
5,43.66093307,-79.3735941,Allan Gardens,Jul-22
2,43.72881139,-79.32116014,Charles Sauriol Conservation Area,Jul-22
2,43.63692099,-79.3443083,Cherry Beach Clarke Beach Park,Jul-22
10,43.64418139,-79.39371522,Clarence Square Park,Jul-22
3,43.71931001,-79.51254444,Downsview Park and Lawn Bowling Greens,Jul-22
2,43.70457547,-79.34127867,E.T. Seton Park,Jul-22
1,43.63806493,-79.40717673,Garrison Common,Jul-22
0,43.65261301,-79.39221132,Grange Park,Jul-22
1,43.64651218,-79.46393972,High Park,Jul-22
3,43.65135346,-79.49062927,Kings Mill Park,Jul-22
1,43.63395209,-79.43869438,Lakeshore Boulevard Parklands,Jul-22
5,43.67434988,-79.47987059,Lavender Creek Trail,Jul-22
7,43.69741478,-79.35386848,Lower Don Parklands,Jul-22
1,43.6580416,-79.3314175,Martin Goodman Trail,Jul-22
0,43.78090037,-79.19730417,Morningside Park,Jul-22
2,43.68179447,-79.4101068,Nordheimer Ravine,Jul-22
2,43.67094057,-79.35433043,Riverdale Park East,Jul-22
8,43.67272549,-79.37625428,Rosedale Ravine Lands,Jul-22
2,43.69866061,-79.24908553,Scarborough Heights Park,Jul-22
0,43.67559997,-79.38645,Severn Creek Park,Jul-22
1,43.69711646,-79.29741235,Taylor Creek Park,Jul-22
2,43.65472242,-79.38160967,Trinity Square,Jul-22
1,43.6981562,-79.28484213,Warden Woods Park,Jul-22
1,43.71724435,-79.35015227,Wilket Creek Park,Jul-22
1,43.66467932,-79.3134879,Woodbine Park (New),Jul-22
21,43.66093307,-79.3735941,Allan Gardens,Aug-22
2,43.72881139,-79.32116014,Charles Sauriol Conservation Area,Aug-22
3,43.63692099,-79.3443083,Cherry Beach Clarke Beach Park,Aug-22
11,43.64418139,-79.39371522,Clarence Square Park,Aug-22
4,43.71931001,-79.51254444,Downsview Park and Lawn Bowling Greens,Aug-22
2,43.70457547,-79.34127867,E.T. Seton Park,Aug-22
1,43.63806493,-79.40717673,Garrison Common,Aug-22
1,43.65261301,-79.39221132,Grange Park,Aug-22
2,43.64651218,-79.46393972,High Park,Aug-22
2,43.65135346,-79.49062927,Kings Mill Park,Aug-22
1,43.63395209,-79.43869438,Lakeshore Boulevard Parklands,Aug-22
5,43.67434988,-79.47987059,Lavender Creek Trail,Aug-22
9,43.69741478,-79.35386848,Lower Don Parklands,Aug-22
1,43.6580416,-79.3314175,Martin Goodman Trail,Aug-22
0,43.78090037,-79.19730417,Morningside Park,Aug-22
2,43.68179447,-79.4101068,Nordheimer Ravine,Aug-22
1,43.67094057,-79.35433043,Riverdale Park East,Aug-22
12,43.67272549,-79.37625428,Rosedale Ravine Lands,Aug-22
1,43.69866061,-79.24908553,Scarborough Heights Park,Aug-22
0,43.67559997,-79.38645,Severn Creek Park,Aug-22
1,43.69711646,-79.29741235,Taylor Creek Park,Aug-22
3,43.65472242,-79.38160967,Trinity Square,Aug-22
1,43.6981562,-79.28484213,Warden Woods Park,Aug-22
1,43.71724435,-79.35015227,Wilket Creek Park,Aug-22
1,43.66467932,-79.3134879,Woodbine Park (New),Aug-22
30,43.66093307,-79.3735941,Allan Gardens,Sep-22
1,43.72881139,-79.32116014,Charles Sauriol Conservation Area,Sep-22
3,43.63692099,-79.3443083,Cherry Beach Clarke Beach Park,Sep-22
4,43.64418139,-79.39371522,Clarence Square Park,Sep-22
5,43.71931001,-79.51254444,Downsview Park and Lawn Bowling Greens,Sep-22
2,43.70457547,-79.34127867,E.T. Seton Park,Sep-22
0,43.63806493,-79.40717673,Garrison Common,Sep-22
1,43.65261301,-79.39221132,Grange Park,Sep-22
4,43.64651218,-79.46393972,High Park,Sep-22
2,43.65135346,-79.49062927,Kings Mill Park,Sep-22
1,43.63395209,-79.43869438,Lakeshore Boulevard Parklands,Sep-22
4,43.67434988,-79.47987059,Lavender Creek Trail,Sep-22
11,43.69741478,-79.35386848,Lower Don Parklands,Sep-22
1,43.6580416,-79.3314175,Martin Goodman Trail,Sep-22
0,43.78090037,-79.19730417,Morningside Park,Sep-22
4,43.68179447,-79.4101068,Nordheimer Ravine,Sep-22
2,43.67094057,-79.35433043,Riverdale Park East,Sep-22
12,43.67272549,-79.37625428,Rosedale Ravine Lands,Sep-22
2,43.69866061,-79.24908553,Scarborough Heights Park,Sep-22
0,43.67559997,-79.38645,Severn Creek Park,Sep-22
1,43.69711646,-79.29741235,Taylor Creek Park,Sep-22
2,43.65472242,-79.38160967,Trinity Square,Sep-22
2,43.6981562,-79.28484213,Warden Woods Park,Sep-22
1,43.71724435,-79.35015227,Wilket Creek Park,Sep-22
2,43.66467932,-79.3134879,Woodbine Park (New),Sep-22
45,43.66093307,-79.3735941,Allan Gardens,Oct-22
1,43.72881139,-79.32116014,Charles Sauriol Conservation Area,Oct-22
4,43.63692099,-79.3443083,Cherry Beach Clarke Beach Park,Oct-22
2,43.64418139,-79.39371522,Clarence Square Park,Oct-22
4,43.71931001,-79.51254444,Downsview Park and Lawn Bowling Greens,Oct-22
2,43.70457547,-79.34127867,E.T. Seton Park,Oct-22
2,43.63806493,-79.40717673,Garrison Common,Oct-22
0,43.65261301,-79.39221132,Grange Park,Oct-22
6,43.64651218,-79.46393972,High Park,Oct-22
2,43.65135346,-79.49062927,Kings Mill Park,Oct-22
1,43.63395209,-79.43869438,Lakeshore Boulevard Parklands,Oct-22
0,43.67434988,-79.47987059,Lavender Creek Trail,Oct-22
12,43.69741478,-79.35386848,Lower Don Parklands,Oct-22
1,43.6580416,-79.3314175,Martin Goodman Trail,Oct-22
0,43.78090037,-79.19730417,Morningside Park,Oct-22
5,43.68179447,-79.4101068,Nordheimer Ravine,Oct-22
3,43.67094057,-79.35433043,Riverdale Park East,Oct-22
10,43.67272549,-79.37625428,Rosedale Ravine Lands,Oct-22
2,43.69866061,-79.24908553,Scarborough Heights Park,Oct-22
1,43.67559997,-79.38645,Severn Creek Park,Oct-22
0,43.69711646,-79.29741235,Taylor Creek Park,Oct-22
1,43.65472242,-79.38160967,Trinity Square,Oct-22
2,43.6981562,-79.28484213,Warden Woods Park,Oct-22
1,43.71724435,-79.35015227,Wilket Creek Park,Oct-22
4,43.66467932,-79.3134879,Woodbine Park (New),Oct-22
42,43.66093307,-79.3735941,Allan Gardens,Nov-22
1,43.72881139,-79.32116014,Charles Sauriol Conservation Area,Nov-22
3,43.63692099,-79.3443083,Cherry Beach Clarke Beach Park,Nov-22
0,43.64418139,-79.39371522,Clarence Square Park,Nov-22
4,43.71931001,-79.51254444,Downsview Park and Lawn Bowling Greens,Nov-22
2,43.70457547,-79.34127867,E.T. Seton Park,Nov-22
1,43.63806493,-79.40717673,Garrison Common,Nov-22
0,43.65261301,-79.39221132,Grange Park,Nov-22
4,43.64651218,-79.46393972,High Park,Nov-22
1,43.65135346,-79.49062927,Kings Mill Park,Nov-22
1,43.63395209,-79.43869438,Lakeshore Boulevard Parklands,Nov-22
0,43.67434988,-79.47987059,Lavender Creek Trail,Nov-22
13,43.69741478,-79.35386848,Lower Don Parklands,Nov-22
1,43.6580416,-79.3314175,Martin Goodman Trail,Nov-22
0,43.78090037,-79.19730417,Morningside Park,Nov-22
3,43.68179447,-79.4101068,Nordheimer Ravine,Nov-22
3,43.67094057,-79.35433043,Riverdale Park East,Nov-22
10,43.67272549,-79.37625428,Rosedale Ravine Lands,Nov-22
1,43.69866061,-79.24908553,Scarborough Heights Park,Nov-22
3,43.67559997,-79.38645,Severn Creek Park,Nov-22
0,43.69711646,-79.29741235,Taylor Creek Park,Nov-22
1,43.65472242,-79.38160967,Trinity Square,Nov-22
2,43.6981562,-79.28484213,Warden Woods Park,Nov-22
1,43.71724435,-79.35015227,Wilket Creek Park,Nov-22
2,43.66467932,-79.3134879,Woodbine Park (New),Nov-22
32,43.66093307,-79.3735941,Allan Gardens,Dec-22
1,43.72881139,-79.32116014,Charles Sauriol Conservation Area,Dec-22
2,43.63692099,-79.3443083,Cherry Beach Clarke Beach Park,Dec-22
0,43.64418139,-79.39371522,Clarence Square Park,Dec-22
3,43.71931001,-79.51254444,Downsview Park and Lawn Bowling Greens,Dec-22
2,43.70457547,-79.34127867,E.T. Seton Park,Dec-22
0,43.63806493,-79.40717673,Garrison Common,Dec-22
0,43.65261301,-79.39221132,Grange Park,Dec-22
1,43.64651218,-79.46393972,High Park,Dec-22
0,43.65135346,-79.49062927,Kings Mill Park,Dec-22
0,43.63395209,-79.43869438,Lakeshore Boulevard Parklands,Dec-22
0,43.67434988,-79.47987059,Lavender Creek Trail,Dec-22
12,43.69741478,-79.35386848,Lower Don Parklands,Dec-22
3,43.6580416,-79.3314175,Martin Goodman Trail,Dec-22
0,43.78090037,-79.19730417,Morningside Park,Dec-22
3,43.68179447,-79.4101068,Nordheimer Ravine,Dec-22
2,43.67094057,-79.35433043,Riverdale Park East,Dec-22
9,43.67272549,-79.37625428,Rosedale Ravine Lands,Dec-22
1,43.69866061,-79.24908553,Scarborough Heights Park,Dec-22
2,43.67559997,-79.38645,Severn Creek Park,Dec-22
0,43.69711646,-79.29741235,Taylor Creek Park,Dec-22
0,43.65472242,-79.38160967,Trinity Square,Dec-22
2,43.6981562,-79.28484213,Warden Woods Park,Dec-22
1,43.71724435,-79.35015227,Wilket Creek Park,Dec-22
0,43.66467932,-79.3134879,Woodbine Park (New),Dec-22
0,43.77245734,-79.27908994,0 William Kitchen Road,Jan-23
0,43.71611118,-79.50666904,10 Falstaff Avenue,Jan-23
2,43.77674605,-79.24639967,705 Progress Avenue,Jan-23
0,43.65114655,-79.40510438,Alexandra Park,Jan-23
28,43.66093307,-79.3735941,Allan Gardens,Jan-23
0,43.65371478,-79.40192832,Bellevue Square Park,Jan-23
0,43.63702846,-79.44931095,Budapest Park,Jan-23
1,43.72881139,-79.32116014,Charles Sauriol Conservation Area,Jan-23
2,43.63692099,-79.3443083,Cherry Beach Clarke Beach Park,Jan-23
0,43.64418139,-79.39371522,Clarence Square Park,Jan-23
0,43.65699352,-79.4336308,Dufferin Grove Park,Jan-23
2,43.70457547,-79.34127867,E.T. Seton Park,Jan-23
1,43.75411432,-79.43277026,Earl Bales Park,Jan-23
0,43.63806493,-79.40717673,Garrison Common,Jan-23
1,43.64651218,-79.46393972,High Park,Jan-23
2,43.73183403,-79.62077596,Humber Arboretum,Jan-23
0,43.63977468,-79.42245532,Lamport Stadium Park,Jan-23
14,43.69741478,-79.35386848,Lower Don Parklands,Jan-23
0,43.63115941,-79.43083382,Marilyn Bell Park,Jan-23
2,43.6580416,-79.3314175,Martin Goodman Trail,Jan-23
3,43.68179447,-79.4101068,Nordheimer Ravine,Jan-23
3,43.67094057,-79.35433043,Riverdale Park East,Jan-23
7,43.67272549,-79.37625428,Rosedale Ravine Lands,Jan-23
2,43.67559997,-79.38645,Severn Creek Park,Jan-23
0,43.65472242,-79.38160967,Trinity Square,Jan-23
0,43.77245734,-79.27908994,0 William Kitchen Road,Feb-23
1,43.71611118,-79.50666904,10 Falstaff Avenue,Feb-23
3,43.77674605,-79.24639967,705 Progress Avenue,Feb-23
0,43.65114655,-79.40510438,Alexandra Park,Feb-23
31,43.66093307,-79.3735941,Allan Gardens,Feb-23
0,43.65371478,-79.40192832,Bellevue Square Park,Feb-23
1,43.63702846,-79.44931095,Budapest Park,Feb-23
1,43.72881139,-79.32116014,Charles Sauriol Conservation Area,Feb-23
1,43.63692099,-79.3443083,Cherry Beach Clarke Beach Park,Feb-23
0,43.64418139,-79.39371522,Clarence Square Park,Feb-23
0,43.65699352,-79.4336308,Dufferin Grove Park,Feb-23
2,43.70457547,-79.34127867,E.T. Seton Park,Feb-23
1,43.75411432,-79.43277026,Earl Bales Park,Feb-23
0,43.63806493,-79.40717673,Garrison Common,Feb-23
2,43.64651218,-79.46393972,High Park,Feb-23
2,43.73183403,-79.62077596,Humber Arboretum,Feb-23
0,43.63977468,-79.42245532,Lamport Stadium Park,Feb-23
11,43.69741478,-79.35386848,Lower Don Parklands,Feb-23
0,43.63115941,-79.43083382,Marilyn Bell Park,Feb-23
0,43.6580416,-79.3314175,Martin Goodman Trail,Feb-23
1,43.68179447,-79.4101068,Nordheimer Ravine,Feb-23
4,43.67094057,-79.35433043,Riverdale Park East,Feb-23
8,43.67272549,-79.37625428,Rosedale Ravine Lands,Feb-23
1,43.67559997,-79.38645,Severn Creek Park,Feb-23
0,43.65472242,-79.38160967,Trinity Square,Feb-23
1,43.77245734,-79.27908994,0 William Kitchen Road,Mar-23
1,43.71611118,-79.50666904,10 Falstaff Avenue,Mar-23
3,43.77674605,-79.24639967,705 Progress Avenue,Mar-23
0,43.65114655,-79.40510438,Alexandra Park,Mar-23
32,43.66093307,-79.3735941,Allan Gardens,Mar-23
0,43.65371478,-79.40192832,Bellevue Square Park,Mar-23
1,43.63702846,-79.44931095,Budapest Park,Mar-23
1,43.72881139,-79.32116014,Charles Sauriol Conservation Area,Mar-23
0,43.63692099,-79.3443083,Cherry Beach Clarke Beach Park,Mar-23
0,43.64418139,-79.39371522,Clarence Square Park,Mar-23
0,43.65699352,-79.4336308,Dufferin Grove Park,Mar-23
3,43.70457547,-79.34127867,E.T. Seton Park,Mar-23
1,43.75411432,-79.43277026,Earl Bales Park,Mar-23
1,43.63806493,-79.40717673,Garrison Common,Mar-23
3,43.64651218,-79.46393972,High Park,Mar-23
1,43.73183403,-79.62077596,Humber Arboretum,Mar-23
0,43.63977468,-79.42245532,Lamport Stadium Park,Mar-23
7,43.69741478,-79.35386848,Lower Don Parklands,Mar-23
0,43.63115941,-79.43083382,Marilyn Bell Park,Mar-23
0,43.6580416,-79.3314175,Martin Goodman Trail,Mar-23
2,43.68179447,-79.4101068,Nordheimer Ravine,Mar-23
4,43.67094057,-79.35433043,Riverdale Park East,Mar-23
8,43.67272549,-79.37625428,Rosedale Ravine Lands,Mar-23
0,43.67559997,-79.38645,Severn Creek Park,Mar-23
0,43.65472242,-79.38160967,Trinity Square,Mar-23
0,43.77245734,-79.27908994,0 William Kitchen Road,Apr-23
1,43.71611118,-79.50666904,10 Falstaff Avenue,Apr-23
3,43.77674605,-79.24639967,705 Progress Avenue,Apr-23
0,43.65114655,-79.40510438,Alexandra Park,Apr-23
34,43.66093307,-79.3735941,Allan Gardens,Apr-23
0,43.65371478,-79.40192832,Bellevue Square Park,Apr-23
1,43.63702846,-79.44931095,Budapest Park,Apr-23
1,43.72881139,-79.32116014,Charles Sauriol Conservation Area,Apr-23
1,43.63692099,-79.3443083,Cherry Beach Clarke Beach Park,Apr-23
0,43.64418139,-79.39371522,Clarence Square Park,Apr-23
0,43.65699352,-79.4336308,Dufferin Grove Park,Apr-23
3,43.70457547,-79.34127867,E.T. Seton Park,Apr-23
1,43.75411432,-79.43277026,Earl Bales Park,Apr-23
0,43.63806493,-79.40717673,Garrison Common,Apr-23
2,43.64651218,-79.46393972,High Park,Apr-23
1,43.73183403,-79.62077596,Humber Arboretum,Apr-23
0,43.63977468,-79.42245532,Lamport Stadium Park,Apr-23
8,43.69741478,-79.35386848,Lower Don Parklands,Apr-23
0,43.63115941,-79.43083382,Marilyn Bell Park,Apr-23
0,43.6580416,-79.3314175,Martin Goodman Trail,Apr-23
2,43.68179447,-79.4101068,Nordheimer Ravine,Apr-23
7,43.67094057,-79.35433043,Riverdale Park East,Apr-23
7,43.67272549,-79.37625428,Rosedale Ravine Lands,Apr-23
0,43.67559997,-79.38645,Severn Creek Park,Apr-23
3,43.65472242,-79.38160967,Trinity Square,Apr-23
1,43.77245734,-79.27908994,0 William Kitchen Road,May-23
2,43.71611118,-79.50666904,10 Falstaff Avenue,May-23
4,43.77674605,-79.24639967,705 Progress Avenue,May-23
1,43.65114655,-79.40510438,Alexandra Park,May-23
50,43.66093307,-79.3735941,Allan Gardens,May-23
0,43.65371478,-79.40192832,Bellevue Square Park,May-23
1,43.63702846,-79.44931095,Budapest Park,May-23
1,43.72881139,-79.32116014,Charles Sauriol Conservation Area,May-23
1,43.63692099,-79.3443083,Cherry Beach Clarke Beach Park,May-23
0,43.64418139,-79.39371522,Clarence Square Park,May-23
0,43.65699352,-79.4336308,Dufferin Grove Park,May-23
2,43.70457547,-79.34127867,E.T. Seton Park,May-23
2,43.75411432,-79.43277026,Earl Bales Park,May-23
1,43.63806493,-79.40717673,Garrison Common,May-23
1,43.64651218,-79.46393972,High Park,May-23
3,43.73183403,-79.62077596,Humber Arboretum,May-23
5,43.63977468,-79.42245532,Lamport Stadium Park,May-23
9,43.69741478,-79.35386848,Lower Don Parklands,May-23
0,43.63115941,-79.43083382,Marilyn Bell Park,May-23
1,43.6580416,-79.3314175,Martin Goodman Trail,May-23
1,43.68179447,-79.4101068,Nordheimer Ravine,May-23
9,43.67094057,-79.35433043,Riverdale Park East,May-23
1,43.67272549,-79.37625428,Rosedale Ravine Lands,May-23
1,43.67559997,-79.38645,Severn Creek Park,May-23
3,43.65472242,-79.38160967,Trinity Square,May-23
0,43.77245734,-79.27908994,0 William Kitchen Road,Jun-23
2,43.71611118,-79.50666904,10 Falstaff Avenue,Jun-23
4,43.77674605,-79.24639967,705 Progress Avenue,Jun-23
1,43.65114655,-79.40510438,Alexandra Park,Jun-23
84,43.66093307,-79.3735941,Allan Gardens,Jun-23
0,43.65371478,-79.40192832,Bellevue Square Park,Jun-23
1,43.63702846,-79.44931095,Budapest Park,Jun-23
1,43.72881139,-79.32116014,Charles Sauriol Conservation Area,Jun-23
3,43.63692099,-79.3443083,Cherry Beach Clarke Beach Park,Jun-23
0,43.64418139,-79.39371522,Clarence Square Park,Jun-23
0,43.65699352,-79.4336308,Dufferin Grove Park,Jun-23
1,43.70457547,-79.34127867,E.T. Seton Park,Jun-23
3,43.75411432,-79.43277026,Earl Bales Park,Jun-23
2,43.63806493,-79.40717673,Garrison Common,Jun-23
1,43.64651218,-79.46393972,High Park,Jun-23
2,43.73183403,-79.62077596,Humber Arboretum,Jun-23
19,43.63977468,-79.42245532,Lamport Stadium Park,Jun-23
9,43.69741478,-79.35386848,Lower Don Parklands,Jun-23
0,43.63115941,-79.43083382,Marilyn Bell Park,Jun-23
2,43.6580416,-79.3314175,Martin Goodman Trail,Jun-23
3,43.68179447,-79.4101068,Nordheimer Ravine,Jun-23
5,43.67094057,-79.35433043,Riverdale Park East,Jun-23
7,43.67272549,-79.37625428,Rosedale Ravine Lands,Jun-23
0,43.67559997,-79.38645,Severn Creek Park,Jun-23
0,43.65472242,-79.38160967,Trinity Square,Jun-23
0,43.77245734,-79.27908994,0 William Kitchen Road,Jul-23
2,43.71611118,-79.50666904,10 Falstaff Avenue,Jul-23
4,43.77674605,-79.24639967,705 Progress Avenue,Jul-23
3,43.65114655,-79.40510438,Alexandra Park,Jul-23
85,43.66093307,-79.3735941,Allan Gardens,Jul-23
2,43.65371478,-79.40192832,Bellevue Square Park,Jul-23
2,43.63702846,-79.44931095,Budapest Park,Jul-23
1,43.72881139,-79.32116014,Charles Sauriol Conservation Area,Jul-23
4,43.63692099,-79.3443083,Cherry Beach Clarke Beach Park,Jul-23
2,43.64418139,-79.39371522,Clarence Square Park,Jul-23
1,43.65699352,-79.4336308,Dufferin Grove Park,Jul-23
1,43.70457547,-79.34127867,E.T. Seton Park,Jul-23
2,43.75411432,-79.43277026,Earl Bales Park,Jul-23
2,43.63806493,-79.40717673,Garrison Common,Jul-23
1,43.64651218,-79.46393972,High Park,Jul-23
2,43.73183403,-79.62077596,Humber Arboretum,Jul-23
23,43.63977468,-79.42245532,Lamport Stadium Park,Jul-23
8,43.69741478,-79.35386848,Lower Don Parklands,Jul-23
0,43.63115941,-79.43083382,Marilyn Bell Park,Jul-23
2,43.6580416,-79.3314175,Martin Goodman Trail,Jul-23
3,43.68179447,-79.4101068,Nordheimer Ravine,Jul-23
5,43.67094057,-79.35433043,Riverdale Park East,Jul-23
10,43.67272549,-79.37625428,Rosedale Ravine Lands,Jul-23
1,43.67559997,-79.38645,Severn Creek Park,Jul-23
1,43.65472242,-79.38160967,Trinity Square,Jul-23
0,43.77245734,-79.27908994,0 William Kitchen Road,Aug-23
2,43.71611118,-79.50666904,10 Falstaff Avenue,Aug-23
4,43.77674605,-79.24639967,705 Progress Avenue,Aug-23
7,43.65114655,-79.40510438,Alexandra Park,Aug-23
64,43.66093307,-79.3735941,Allan Gardens,Aug-23
6,43.65371478,-79.40192832,Bellevue Square Park,Aug-23
1,43.63702846,-79.44931095,Budapest Park,Aug-23
1,43.72881139,-79.32116014,Charles Sauriol Conservation Area,Aug-23
7,43.63692099,-79.3443083,Cherry Beach Clarke Beach Park,Aug-23
5,43.64418139,-79.39371522,Clarence Square Park,Aug-23
0,43.65699352,-79.4336308,Dufferin Grove Park,Aug-23
1,43.70457547,-79.34127867,E.T. Seton Park,Aug-23
2,43.75411432,-79.43277026,Earl Bales Park,Aug-23
3,43.63806493,-79.40717673,Garrison Common,Aug-23
1,43.64651218,-79.46393972,High Park,Aug-23
2,43.73183403,-79.62077596,Humber Arboretum,Aug-23
25,43.63977468,-79.42245532,Lamport Stadium Park,Aug-23
4,43.69741478,-79.35386848,Lower Don Parklands,Aug-23
3,43.63115941,-79.43083382,Marilyn Bell Park,Aug-23
2,43.6580416,-79.3314175,Martin Goodman Trail,Aug-23
5,43.68179447,-79.4101068,Nordheimer Ravine,Aug-23
5,43.67094057,-79.35433043,Riverdale Park East,Aug-23
8,43.67272549,-79.37625428,Rosedale Ravine Lands,Aug-23
5,43.67559997,-79.38645,Severn Creek Park,Aug-23
0,43.65472242,-79.38160967,Trinity Square,Aug-23
4,43.77245734,-79.27908994,0 William Kitchen Road,Sep-23
2,43.71611118,-79.50666904,10 Falstaff Avenue,Sep-23
4,43.77674605,-79.24639967,705 Progress Avenue,Sep-23
14,43.65114655,-79.40510438,Alexandra Park,Sep-23
49,43.66093307,-79.3735941,Allan Gardens,Sep-23
14,43.65371478,-79.40192832,Bellevue Square Park,Sep-23
2,43.63702846,-79.44931095,Budapest Park,Sep-23
1,43.72881139,-79.32116014,Charles Sauriol Conservation Area,Sep-23
8,43.63692099,-79.3443083,Cherry Beach Clarke Beach Park,Sep-23
6,43.64418139,-79.39371522,Clarence Square Park,Sep-23
3,43.65699352,-79.4336308,Dufferin Grove Park,Sep-23
1,43.70457547,-79.34127867,E.T. Seton Park,Sep-23
2,43.75411432,-79.43277026,Earl Bales Park,Sep-23
5,43.63806493,-79.40717673,Garrison Common,Sep-23
2,43.64651218,-79.46393972,High Park,Sep-23
2,43.73183403,-79.62077596,Humber Arboretum,Sep-23
35,43.63977468,-79.42245532,Lamport Stadium Park,Sep-23
2,43.69741478,-79.35386848,Lower Don Parklands,Sep-23
4,43.63115941,-79.43083382,Marilyn Bell Park,Sep-23
1,43.6580416,-79.3314175,Martin Goodman Trail,Sep-23
6,43.68179447,-79.4101068,Nordheimer Ravine,Sep-23
6,43.67094057,-79.35433043,Riverdale Park East,Sep-23
7,43.67272549,-79.37625428,Rosedale Ravine Lands,Sep-23
2,43.67559997,-79.38645,Severn Creek Park,Sep-23
0,43.65472242,-79.38160967,Trinity Square,Sep-23
36,43.66093307,-79.3735941,Allan Gardens,Oct-23
26,43.63977468,-79.42245532,Lamport Stadium Park,Oct-23
6,43.67272549,-79.37625428,Rosedale Ravine Lands,Oct-23
13,43.64418139,-79.39371522,Clarence Square Park,Oct-23
2,43.69741478,-79.35386848,Lower Don Parklands,Oct-23
6,43.67094057,-79.35433043,Riverdale Park East,Oct-23
7,43.63692099,-79.3443083,Cherry Beach Clarke Beach Park,Oct-23
5,43.77674605,-79.24639967,705 Progress Avenue,Oct-23
7,43.65114655,-79.40510438,Alexandra Park,Oct-23
12,43.65371478,-79.40192832,Bellevue Square Park,Oct-23
7,43.63806493,-79.40717673,Garrison Common,Oct-23
5,43.68179447,-79.4101068,Nordheimer Ravine,Oct-23
4,43.65472242,-79.38160967,Trinity Square,Oct-23
4,43.75411432,-79.43277026,Earl Bales Park,Oct-23
5,43.77245734,-79.27908994,0 William Kitchen Road,Oct-23
5,43.63702846,-79.44931095,Budapest Park,Oct-23
6,43.65699352,-79.4336308,Dufferin Grove Park,Oct-23
2,43.73183403,-79.62077596,Humber Arboretum,Oct-23
3,43.64651218,-79.46393972,High Park,Oct-23
2,43.71611118,-79.50666904,10 Falstaff Avenue,Oct-23
3,43.6580416,-79.3314175,Martin Goodman Trail,Oct-23
3,43.72881139,-79.32116014,Charles Sauriol Conservation Area,Oct-23
1,43.70457547,-79.34127867,E.T. Seton Park,Oct-23
3,43.67559997,-79.38645,Severn Creek Park,Oct-23
4,43.63115941,-79.43083382,Marilyn Bell Park,Oct-23
29,43.66093307,-79.3735941,Allan Gardens,Nov-23
23,43.63977468,-79.42245532,Lamport Stadium Park,Nov-23
5,43.67272549,-79.37625428,Rosedale Ravine Lands,Nov-23
24,43.64418139,-79.39371522,Clarence Square Park,Nov-23
2,43.69741478,-79.35386848,Lower Don Parklands,Nov-23
7,43.67094057,-79.35433043,Riverdale Park East,Nov-23
10,43.63692099,-79.3443083,Cherry Beach Clarke Beach Park,Nov-23
7,43.77674605,-79.24639967,705 Progress Avenue,Nov-23
8,43.65114655,-79.40510438,Alexandra Park,Nov-23
9,43.65371478,-79.40192832,Bellevue Square Park,Nov-23
9,43.63806493,-79.40717673,Garrison Common,Nov-23
4,43.68179447,-79.4101068,Nordheimer Ravine,Nov-23
11,43.65472242,-79.38160967,Trinity Square,Nov-23
4,43.75411432,-79.43277026,Earl Bales Park,Nov-23
5,43.77245734,-79.27908994,0 William Kitchen Road,Nov-23
5,43.63702846,-79.44931095,Budapest Park,Nov-23
8,43.65699352,-79.4336308,Dufferin Grove Park,Nov-23
2,43.73183403,-79.62077596,Humber Arboretum,Nov-23
3,43.64651218,-79.46393972,High Park,Nov-23
2,43.71611118,-79.50666904,10 Falstaff Avenue,Nov-23
5,43.6580416,-79.3314175,Martin Goodman Trail,Nov-23
3,43.72881139,-79.32116014,Charles Sauriol Conservation Area,Nov-23
2,43.70457547,-79.34127867,E.T. Seton Park,Nov-23
3,43.67559997,-79.38645,Severn Creek Park,Nov-23
4,43.63115941,-79.43083382,Marilyn Bell Park,Nov-23
21,43.66093307,-79.3735941,Allan Gardens,Dec-23
17,43.63977468,-79.42245532,Lamport Stadium Park,Dec-23
10,43.67272549,-79.37625428,Rosedale Ravine Lands,Dec-23
30,43.64418139,-79.39371522,Clarence Square Park,Dec-23
2,43.69741478,-79.35386848,Lower Don Parklands,Dec-23
7,43.67094057,-79.35433043,Riverdale Park East,Dec-23
10,43.63692099,-79.3443083,Cherry Beach Clarke Beach Park,Dec-23
7,43.77674605,-79.24639967,705 Progress Avenue,Dec-23
7,43.65114655,-79.40510438,Alexandra Park,Dec-23
2,43.65371478,-79.40192832,Bellevue Square Park,Dec-23
10,43.63806493,-79.40717673,Garrison Common,Dec-23
2,43.68179447,-79.4101068,Nordheimer Ravine,Dec-23
11,43.65472242,-79.38160967,Trinity Square,Dec-23
4,43.75411432,-79.43277026,Earl Bales Park,Dec-23
5,43.77245734,-79.27908994,0 William Kitchen Road,Dec-23
7,43.63702846,-79.44931095,Budapest Park,Dec-23
5,43.65699352,-79.4336308,Dufferin Grove Park,Dec-23
2,43.73183403,-79.62077596,Humber Arboretum,Dec-23
3,43.64651218,-79.46393972,High Park,Dec-23
2,43.71611118,-79.50666904,10 Falstaff Avenue,Dec-23
4,43.6580416,-79.3314175,Martin Goodman Trail,Dec-23
4,43.72881139,-79.32116014,Charles Sauriol Conservation Area,Dec-23
0,43.70457547,-79.34127867,E.T. Seton Park,Dec-23
0,43.67559997,-79.38645,Severn Creek Park,Dec-23
3,43.63115941,-79.43083382,Marilyn Bell Park,Dec-23
22,43.64418139,-79.39371522,Clarence Square Park,Jan-24
10,43.63692099,-79.3443083,Cherry Beach Clarke Beach Park,Jan-24
14,43.66093307,-79.3735941,Allan Gardens,Jan-24
1,43.65371478,-79.40192832,Bellevue Square Park,Jan-24
9,43.65472242,-79.38160967,Trinity Square,Jan-24
2,43.65699352,-79.4336308,Dufferin Grove Park,Jan-24
7,43.67094057,-79.35433043,Riverdale Park East,Jan-24
0,43.65558614,-79.37043073,Moss Park,Jan-24
13,43.67272549,-79.37625428,Rosedale Ravine Lands,Jan-24
8,43.65114655,-79.40510438,Alexandra Park,Jan-24
5,43.70940672,-79.53862891,Crawford-Jones Memorial Park,Jan-24
9,43.77806997,-79.23755184,East Highland Creek Watercourse,Jan-24
5,43.6580416,-79.3314175,Martin Goodman Trail,Jan-24
5,43.72881139,-79.32116014,Charles Sauriol Conservation Area,Jan-24
4,43.75411432,-79.43277026,Earl Bales Park,Jan-24
10,43.63806493,-79.40717673,Garrison Common,Jan-24
0,43.635226,-79.4013712,Little Norway Park,Jan-24
4,43.78090037,-79.19730417,Morningside Park,Jan-24
2,43.65465987,-79.3627258,Orphan's Green,Jan-24
5,43.77245734,-79.27908994,0 William Kitchen Road,Jan-24
2,43.71931001,-79.51254444,Downsview Park and Lawn Bowling Greens,Jan-24
1,43.65261301,-79.39221132,Grange Park,Jan-24
4,43.63115941,-79.43083382,Marilyn Bell Park,Jan-24
2,43.68179447,-79.4101068,Nordheimer Ravine,Jan-24
2,43.63577871,-79.40883206,The Gore,Jan-24
22,43.64418139,-79.39371522,Clarence Square Park,Feb-24
14,43.63692099,-79.3443083,Cherry Beach Clarke Beach Park,Feb-24
13,43.66093307,-79.3735941,Allan Gardens,Feb-24
1,43.65371478,-79.40192832,Bellevue Square Park,Feb-24
9,43.65472242,-79.38160967,Trinity Square,Feb-24
0,43.65699352,-79.4336308,Dufferin Grove Park,Feb-24
6,43.67094057,-79.35433043,Riverdale Park East,Feb-24
0,43.65558614,-79.37043073,Moss Park,Feb-24
6,43.67272549,-79.37625428,Rosedale Ravine Lands,Feb-24
7,43.65114655,-79.40510438,Alexandra Park,Feb-24
5,43.70940672,-79.53862891,Crawford-Jones Memorial Park,Feb-24
9,43.77806997,-79.23755184,East Highland Creek Watercourse,Feb-24
4,43.6580416,-79.3314175,Martin Goodman Trail,Feb-24
5,43.72881139,-79.32116014,Charles Sauriol Conservation Area,Feb-24
4,43.75411432,-79.43277026,Earl Bales Park,Feb-24
6,43.63806493,-79.40717673,Garrison Common,Feb-24
0,43.635226,-79.4013712,Little Norway Park,Feb-24
4,43.78090037,-79.19730417,Morningside Park,Feb-24
1,43.65465987,-79.3627258,Orphan's Green,Feb-24
6,43.77245734,-79.27908994,0 William Kitchen Road,Feb-24
1,43.71931001,-79.51254444,Downsview Park and Lawn Bowling Greens,Feb-24
2,43.65261301,-79.39221132,Grange Park,Feb-24
4,43.63115941,-79.43083382,Marilyn Bell Park,Feb-24
3,43.68179447,-79.4101068,Nordheimer Ravine,Feb-24
1,43.63577871,-79.40883206,The Gore,Feb-24
21,43.64418139,-79.39371522,Clarence Square Park,Mar-24
12,43.63692099,-79.3443083,Cherry Beach Clarke Beach Park,Mar-24
9,43.66093307,-79.3735941,Allan Gardens,Mar-24
2,43.65371478,-79.40192832,Bellevue Square Park,Mar-24
10,43.65472242,-79.38160967,Trinity Square,Mar-24
0,43.65699352,-79.4336308,Dufferin Grove Park,Mar-24
2,43.67094057,-79.35433043,Riverdale Park East,Mar-24
0,43.65558614,-79.37043073,Moss Park,Mar-24
5,43.67272549,-79.37625428,Rosedale Ravine Lands,Mar-24
7,43.65114655,-79.40510438,Alexandra Park,Mar-24
5,43.70940672,-79.53862891,Crawford-Jones Memorial Park,Mar-24
10,43.77806997,-79.23755184,East Highland Creek Watercourse,Mar-24
4,43.6580416,-79.3314175,Martin Goodman Trail,Mar-24
3,43.72881139,-79.32116014,Charles Sauriol Conservation Area,Mar-24
3,43.75411432,-79.43277026,Earl Bales Park,Mar-24
4,43.63806493,-79.40717673,Garrison Common,Mar-24
0,43.635226,-79.4013712,Little Norway Park,Mar-24
4,43.78090037,-79.19730417,Morningside Park,Mar-24
3,43.65465987,-79.3627258,Orphan's Green,Mar-24
6,43.77245734,-79.27908994,0 William Kitchen Road,Mar-24
2,43.71931001,-79.51254444,Downsview Park and Lawn Bowling Greens,Mar-24
2,43.65261301,-79.39221132,Grange Park,Mar-24
4,43.63115941,-79.43083382,Marilyn Bell Park,Mar-24
3,43.68179447,-79.4101068,Nordheimer Ravine,Mar-24
3,43.63577871,-79.40883206,The Gore,Mar-24
17,43.64418139,-79.39371522,Clarence Square Park,Apr-24
10,43.63692099,-79.3443083,Cherry Beach Clarke Beach Park,Apr-24
9,43.66093307,-79.3735941,Allan Gardens,Apr-24
3,43.65371478,-79.40192832,Bellevue Square Park,Apr-24
8,43.65472242,-79.38160967,Trinity Square,Apr-24
0,43.65699352,-79.4336308,Dufferin Grove Park,Apr-24
2,43.67094057,-79.35433043,Riverdale Park East,Apr-24
0,43.65558614,-79.37043073,Moss Park,Apr-24
6,43.67272549,-79.37625428,Rosedale Ravine Lands,Apr-24
7,43.65114655,-79.40510438,Alexandra Park,Apr-24
5,43.70940672,-79.53862891,Crawford-Jones Memorial Park,Apr-24
8,43.77806997,-79.23755184,East Highland Creek Watercourse,Apr-24
4,43.6580416,-79.3314175,Martin Goodman Trail,Apr-24
2,43.72881139,-79.32116014,Charles Sauriol Conservation Area,Apr-24
3,43.75411432,-79.43277026,Earl Bales Park,Apr-24
5,43.63806493,-79.40717673,Garrison Common,Apr-24
1,43.635226,-79.4013712,Little Norway Park,Apr-24
4,43.78090037,-79.19730417,Morningside Park,Apr-24
4,43.65465987,-79.3627258,Orphan's Green,Apr-24
6,43.77245734,-79.27908994,0 William Kitchen Road,Apr-24
3,43.71931001,-79.51254444,Downsview Park and Lawn Bowling Greens,Apr-24
3,43.65261301,-79.39221132,Grange Park,Apr-24
4,43.63115941,-79.43083382,Marilyn Bell Park,Apr-24
3,43.68179447,-79.4101068,Nordheimer Ravine,Apr-24
6,43.63577871,-79.40883206,The Gore,Apr-24
15,43.64418139,-79.39371522,Clarence Square Park,May-24
12,43.63692099,-79.3443083,Cherry Beach Clarke Beach Park,May-24
12,43.66093307,-79.3735941,Allan Gardens,May-24
5,43.65371478,-79.40192832,Bellevue Square Park,May-24
7,43.65472242,-79.38160967,Trinity Square,May-24
2,43.65699352,-79.4336308,Dufferin Grove Park,May-24
5,43.67094057,-79.35433043,Riverdale Park East,May-24
3,43.65558614,-79.37043073,Moss Park,May-24
5,43.67272549,-79.37625428,Rosedale Ravine Lands,May-24
0,43.65114655,-79.40510438,Alexandra Park,May-24
6,43.70940672,-79.53862891,Crawford-Jones Memorial Park,May-24
1,43.77806997,-79.23755184,East Highland Creek Watercourse,May-24
4,43.6580416,-79.3314175,Martin Goodman Trail,May-24
2,43.72881139,-79.32116014,Charles Sauriol Conservation Area,May-24
3,43.75411432,-79.43277026,Earl Bales Park,May-24
2,43.63806493,-79.40717673,Garrison Common,May-24
4,43.635226,-79.4013712,Little Norway Park,May-24
4,43.78090037,-79.19730417,Morningside Park,May-24
7,43.65465987,-79.3627258,Orphan's Green,May-24
6,43.77245734,-79.27908994,0 William Kitchen Road,May-24
4,43.71931001,-79.51254444,Downsview Park and Lawn Bowling Greens,May-24
5,43.65261301,-79.39221132,Grange Park,May-24
4,43.63115941,-79.43083382,Marilyn Bell Park,May-24
4,43.68179447,-79.4101068,Nordheimer Ravine,May-24
5,43.63577871,-79.40883206,The Gore,May-24
16,43.64418139,-79.39371522,Clarence Square Park,Jun-24
15,43.63692099,-79.3443083,Cherry Beach Clarke Beach Park,Jun-24
10,43.66093307,-79.3735941,Allan Gardens,Jun-24
14,43.65371478,-79.40192832,Bellevue Square Park,Jun-24
6,43.65472242,-79.38160967,Trinity Square,Jun-24
6,43.65699352,-79.4336308,Dufferin Grove Park,Jun-24
10,43.67094057,-79.35433043,Riverdale Park East,Jun-24
12,43.65558614,-79.37043073,Moss Park,Jun-24
4,43.67272549,-79.37625428,Rosedale Ravine Lands,Jun-24
1,43.65114655,-79.40510438,Alexandra Park,Jun-24
4,43.70940672,-79.53862891,Crawford-Jones Memorial Park,Jun-24
1,43.77806997,-79.23755184,East Highland Creek Watercourse,Jun-24
5,43.6580416,-79.3314175,Martin Goodman Trail,Jun-24
2,43.72881139,-79.32116014,Charles Sauriol Conservation Area,Jun-24
5,43.75411432,-79.43277026,Earl Bales Park,Jun-24
1,43.63806493,-79.40717673,Garrison Common,Jun-24
6,43.635226,-79.4013712,Little Norway Park,Jun-24
4,43.78090037,-79.19730417,Morningside Park,Jun-24
5,43.65465987,-79.3627258,Orphan's Green,Jun-24
3,43.77245734,-79.27908994,0 William Kitchen Road,Jun-24
6,43.71931001,-79.51254444,Downsview Park and Lawn Bowling Greens,Jun-24
8,43.65261301,-79.39221132,Grange Park,Jun-24
5,43.63115941,-79.43083382,Marilyn Bell Park,Jun-24
2,43.68179447,-79.4101068,Nordheimer Ravine,Jun-24
3,43.63577871,-79.40883206,The Gore,Jun-24
13,43.64418139,-79.39371522,Clarence Square Park,Jul-24
17,43.63692099,-79.3443083,Cherry Beach Clarke Beach Park,Jul-24
12,43.66093307,-79.3735941,Allan Gardens,Jul-24
19,43.65371478,-79.40192832,Bellevue Square Park,Jul-24
8,43.65472242,-79.38160967,Trinity Square,Jul-24
16,43.65699352,-79.4336308,Dufferin Grove Park,Jul-24
11,43.67094057,-79.35433043,Riverdale Park East,Jul-24
16,43.65558614,-79.37043073,Moss Park,Jul-24
5,43.67272549,-79.37625428,Rosedale Ravine Lands,Jul-24
1,43.65114655,-79.40510438,Alexandra Park,Jul-24
2,43.70940672,-79.53862891,Crawford-Jones Memorial Park,Jul-24
1,43.77806997,-79.23755184,East Highland Creek Watercourse,Jul-24
6,43.6580416,-79.3314175,Martin Goodman Trail,Jul-24
4,43.72881139,-79.32116014,Charles Sauriol Conservation Area,Jul-24
5,43.75411432,-79.43277026,Earl Bales Park,Jul-24
0,43.63806493,-79.40717673,Garrison Common,Jul-24
10,43.635226,-79.4013712,Little Norway Park,Jul-24
4,43.78090037,-79.19730417,Morningside Park,Jul-24
6,43.65465987,-79.3627258,Orphan's Green,Jul-24
1,43.77245734,-79.27908994,0 William Kitchen Road,Jul-24
4,43.71931001,-79.51254444,Downsview Park and Lawn Bowling Greens,Jul-24
3,43.65261301,-79.39221132,Grange Park,Jul-24
4,43.63115941,-79.43083382,Marilyn Bell Park,Jul-24
2,43.68179447,-79.4101068,Nordheimer Ravine,Jul-24
5,43.63577871,-79.40883206,The Gore,Jul-24
15,43.64418139,-79.39371522,Clarence Square Park,Aug-24
18,43.63692099,-79.3443083,Cherry Beach Clarke Beach Park,Aug-24
17,43.66093307,-79.3735941,Allan Gardens,Aug-24
18,43.65371478,-79.40192832,Bellevue Square Park,Aug-24
9,43.65472242,-79.38160967,Trinity Square,Aug-24
27,43.65699352,-79.4336308,Dufferin Grove Park,Aug-24
11,43.67094057,-79.35433043,Riverdale Park East,Aug-24
20,43.65558614,-79.37043073,Moss Park,Aug-24
7,43.67272549,-79.37625428,Rosedale Ravine Lands,Aug-24
11,43.65114655,-79.40510438,Alexandra Park,Aug-24
4,43.70940672,-79.53862891,Crawford-Jones Memorial Park,Aug-24
1,43.77806997,-79.23755184,East Highland Creek Watercourse,Aug-24
9,43.6580416,-79.3314175,Martin Goodman Trail,Aug-24
4,43.72881139,-79.32116014,Charles Sauriol Conservation Area,Aug-24
5,43.75411432,-79.43277026,Earl Bales Park,Aug-24
0,43.63806493,-79.40717673,Garrison Common,Aug-24
13,43.635226,-79.4013712,Little Norway Park,Aug-24
4,43.78090037,-79.19730417,Morningside Park,Aug-24
6,43.65465987,-79.3627258,Orphan's Green,Aug-24
1,43.77245734,-79.27908994,0 William Kitchen Road,Aug-24
4,43.71931001,-79.51254444,Downsview Park and Lawn Bowling Greens,Aug-24
0,43.65261301,-79.39221132,Grange Park,Aug-24
0,43.63115941,-79.43083382,Marilyn Bell Park,Aug-24
3,43.68179447,-79.4101068,Nordheimer Ravine,Aug-24
2,43.63577871,-79.40883206,The Gore,Aug-24
